{
  "attribute": {
    "precision": 0.0,
    "recall": 0.0,
    "f1-score": 0.0,
    "support": 40,
    "confused_with": {}
  },
  "searchtype": {
    "precision": 0.0,
    "recall": 0.0,
    "f1-score": 0.0,
    "support": 2,
    "confused_with": {}
  },
  "person": {
    "precision": 1.0,
    "recall": 0.06451612903225806,
    "f1-score": 0.12121212121212122,
    "support": 62,
    "confused_with": {}
  },
  "object_type": {
    "precision": 0.4,
    "recall": 0.06451612903225806,
    "f1-score": 0.1111111111111111,
    "support": 31,
    "confused_with": {}
  },
  "maptype": {
    "precision": 1.0,
    "recall": 0.9473684210526315,
    "f1-score": 0.972972972972973,
    "support": 19,
    "confused_with": {}
  },
  "mention": {
    "precision": 0.0,
    "recall": 0.0,
    "f1-score": 0.0,
    "support": 13,
    "confused_with": {}
  },
  "name": {
    "precision": 0.0,
    "recall": 0.0,
    "f1-score": 0.0,
    "support": 8,
    "confused_with": {}
  },
  "contacttype": {
    "precision": 1.0,
    "recall": 1.0,
    "f1-score": 1.0,
    "support": 5,
    "confused_with": {}
  },
  "organization": {
    "precision": 1.0,
    "recall": 1.0,
    "f1-score": 1.0,
    "support": 4,
    "confused_with": {}
  },
  "city": {
    "precision": 1.0,
    "recall": 0.18181818181818182,
    "f1-score": 0.3076923076923077,
    "support": 11,
    "confused_with": {}
  },
  "year": {
    "precision": 0.8,
    "recall": 1.0,
    "f1-score": 0.888888888888889,
    "support": 4,
    "confused_with": {}
  },
  "micro avg": {
    "precision": 0.9069767441860465,
    "recall": 0.19597989949748743,
    "f1-score": 0.32231404958677684,
    "support": 199
  },
  "macro avg": {
    "precision": 0.5636363636363636,
    "recall": 0.3871108055395754,
    "f1-score": 0.40017067289794567,
    "support": 199
  },
  "weighted avg": {
    "precision": 0.5859296482412061,
    "recall": 0.19597989949748743,
    "f1-score": 0.2280716250565497,
    "support": 199
  }
}