{
  "PERSON": {
    "precision": 0.9775280898876404,
    "recall": 0.498567335243553,
    "f1-score": 0.6603415559772297,
    "support": 349,
    "confused_with": {}
  },
  "CARDINAL": {
    "precision": 0.0,
    "recall": 0.0,
    "f1-score": 0.0,
    "support": 18,
    "confused_with": {}
  },
  "GPE": {
    "precision": 0.0,
    "recall": 0.0,
    "f1-score": 0.0,
    "support": 22,
    "confused_with": {}
  },
  "informationtype": {
    "precision": 0.0,
    "recall": 0.0,
    "f1-score": 0.0,
    "support": 27,
    "confused_with": {
      "searchtype": 6
    }
  },
  "maptype": {
    "precision": 1.0,
    "recall": 0.9473684210526315,
    "f1-score": 0.972972972972973,
    "support": 19,
    "confused_with": {}
  },
  "gender": {
    "precision": 1.0,
    "recall": 0.5714285714285714,
    "f1-score": 0.7272727272727273,
    "support": 7,
    "confused_with": {}
  },
  "attribute": {
    "precision": 0.8507462686567164,
    "recall": 0.15281501340482573,
    "f1-score": 0.25909090909090915,
    "support": 373,
    "confused_with": {}
  },
  "searchtype": {
    "precision": 0.16666666666666666,
    "recall": 1.0,
    "f1-score": 0.2857142857142857,
    "support": 2,
    "confused_with": {}
  },
  "year": {
    "precision": 0.0,
    "recall": 0.0,
    "f1-score": 0.0,
    "support": 4,
    "confused_with": {}
  },
  "contacttype": {
    "precision": 1.0,
    "recall": 1.0,
    "f1-score": 1.0,
    "support": 5,
    "confused_with": {}
  },
  "RELIGION": {
    "precision": 0.0,
    "recall": 0.0,
    "f1-score": 0.0,
    "support": 11,
    "confused_with": {}
  },
  "object_type": {
    "precision": 0.0,
    "recall": 0.0,
    "f1-score": 0.0,
    "support": 109,
    "confused_with": {}
  },
  "ORG": {
    "precision": 1.0,
    "recall": 0.8894472361809045,
    "f1-score": 0.9414893617021276,
    "support": 199,
    "confused_with": {
      "RELIGION": 15,
      "PERSON": 4
    }
  },
  "micro avg": {
    "precision": 0.9180672268907563,
    "recall": 0.38165938864628823,
    "f1-score": 0.5391733497840839,
    "support": 1145
  },
  "macro avg": {
    "precision": 0.46114930963161715,
    "recall": 0.3892020444084989,
    "f1-score": 0.37283706251771176,
    "support": 1145
  },
  "weighted avg": {
    "precision": 0.77626113092845,
    "recall": 0.38165938864628823,
    "f1-score": 0.4747644709646374,
    "support": 1145
  }
}