{
  "searchtype": {
    "precision": 0.6666666666666666,
    "recall": 1.0,
    "f1-score": 0.8,
    "support": 8,
    "confused_with": {}
  },
  "ORG": {
    "precision": 0.0,
    "recall": 0.0,
    "f1-score": 0.0,
    "support": 105,
    "confused_with": {
      "RELIGION": 13
    }
  },
  "object_type": {
    "precision": 0.5294117647058824,
    "recall": 0.3103448275862069,
    "f1-score": 0.391304347826087,
    "support": 29,
    "confused_with": {}
  },
  "contacttype": {
    "precision": 1.0,
    "recall": 1.0,
    "f1-score": 1.0,
    "support": 5,
    "confused_with": {}
  },
  "GPE": {
    "precision": 0.0,
    "recall": 0.0,
    "f1-score": 0.0,
    "support": 13,
    "confused_with": {}
  },
  "attribute": {
    "precision": 0.9555555555555556,
    "recall": 0.15140845070422534,
    "f1-score": 0.2613981762917933,
    "support": 284,
    "confused_with": {}
  },
  "maptype": {
    "precision": 1.0,
    "recall": 0.9473684210526315,
    "f1-score": 0.972972972972973,
    "support": 19,
    "confused_with": {}
  },
  "RELIGION": {
    "precision": 0.0,
    "recall": 0.0,
    "f1-score": 0.0,
    "support": 3,
    "confused_with": {}
  },
  "PERSON": {
    "precision": 0.0,
    "recall": 0.0,
    "f1-score": 0.0,
    "support": 251,
    "confused_with": {}
  },
  "year": {
    "precision": 1.0,
    "recall": 1.0,
    "f1-score": 1.0,
    "support": 4,
    "confused_with": {}
  },
  "micro avg": {
    "precision": 0.7631578947368421,
    "recall": 0.12066574202496533,
    "f1-score": 0.20838323353293411,
    "support": 721
  },
  "macro avg": {
    "precision": 0.5151633986928104,
    "recall": 0.44091216993430643,
    "f1-score": 0.4425675497090853,
    "support": 721
  },
  "weighted avg": {
    "precision": 0.44391685476779713,
    "recall": 0.12066574202496533,
    "f1-score": 0.1657023504026523,
    "support": 721
  }
}