{
  "PERSON": {
    "precision": 0.0,
    "recall": 0.0,
    "f1-score": 0.0,
    "support": 246,
    "confused_with": {}
  },
  "maptype": {
    "precision": 1.0,
    "recall": 0.9473684210526315,
    "f1-score": 0.972972972972973,
    "support": 19,
    "confused_with": {}
  },
  "object_type": {
    "precision": 0.8333333333333334,
    "recall": 0.22727272727272727,
    "f1-score": 0.35714285714285715,
    "support": 44,
    "confused_with": {}
  },
  "mention": {
    "precision": 0.0,
    "recall": 0.0,
    "f1-score": 0.0,
    "support": 13,
    "confused_with": {}
  },
  "attribute": {
    "precision": 0.6181818181818182,
    "recall": 0.23448275862068965,
    "f1-score": 0.33999999999999997,
    "support": 145,
    "confused_with": {}
  },
  "GPE": {
    "precision": 0.0,
    "recall": 0.0,
    "f1-score": 0.0,
    "support": 14,
    "confused_with": {}
  },
  "year": {
    "precision": 1.0,
    "recall": 1.0,
    "f1-score": 1.0,
    "support": 8,
    "confused_with": {}
  },
  "ORGANIZATION": {
    "precision": 0.06060606060606061,
    "recall": 1.0,
    "f1-score": 0.1142857142857143,
    "support": 2,
    "confused_with": {}
  },
  "ORG": {
    "precision": 0.0,
    "recall": 0.0,
    "f1-score": 0.0,
    "support": 39,
    "confused_with": {
      "ORGANIZATION": 31
    }
  },
  "contacttype": {
    "precision": 1.0,
    "recall": 1.0,
    "f1-score": 1.0,
    "support": 5,
    "confused_with": {}
  },
  "searchtype": {
    "precision": 0.6666666666666666,
    "recall": 1.0,
    "f1-score": 0.8,
    "support": 8,
    "confused_with": {}
  },
  "micro avg": {
    "precision": 0.5944055944055944,
    "recall": 0.15653775322283608,
    "f1-score": 0.24781341107871718,
    "support": 543
  },
  "macro avg": {
    "precision": 0.47079889807162534,
    "recall": 0.4917385369950953,
    "f1-score": 0.41676377676377674,
    "support": 543
  },
  "weighted avg": {
    "precision": 0.3015793292036386,
    "recall": 0.15653775322283608,
    "f1-score": 0.1899251263892148,
    "support": 543
  }
}