{
  "contacttype": {
    "precision": 1.0,
    "recall": 1.0,
    "f1-score": 1.0,
    "support": 5,
    "confused_with": {}
  },
  "object_type": {
    "precision": 0.0,
    "recall": 0.0,
    "f1-score": 0.0,
    "support": 109,
    "confused_with": {}
  },
  "ORG": {
    "precision": 1.0,
    "recall": 0.8857142857142857,
    "f1-score": 0.9393939393939393,
    "support": 175,
    "confused_with": {
      "RELIGION": 15
    }
  },
  "attribute": {
    "precision": 0.84375,
    "recall": 0.15254237288135594,
    "f1-score": 0.2583732057416268,
    "support": 354,
    "confused_with": {}
  },
  "GPE": {
    "precision": 0.0,
    "recall": 0.0,
    "f1-score": 0.0,
    "support": 21,
    "confused_with": {}
  },
  "PERSON": {
    "precision": 0.9767441860465116,
    "recall": 0.4897959183673469,
    "f1-score": 0.6524271844660193,
    "support": 343,
    "confused_with": {}
  },
  "year": {
    "precision": 0.0,
    "recall": 0.0,
    "f1-score": 0.0,
    "support": 4,
    "confused_with": {}
  },
  "maptype": {
    "precision": 1.0,
    "recall": 0.9473684210526315,
    "f1-score": 0.972972972972973,
    "support": 19,
    "confused_with": {}
  },
  "searchtype": {
    "precision": 0.16666666666666666,
    "recall": 1.0,
    "f1-score": 0.2857142857142857,
    "support": 2,
    "confused_with": {}
  },
  "CARDINAL": {
    "precision": 0.0,
    "recall": 0.0,
    "f1-score": 0.0,
    "support": 20,
    "confused_with": {}
  },
  "RELIGION": {
    "precision": 0.0,
    "recall": 0.0,
    "f1-score": 0.0,
    "support": 11,
    "confused_with": {}
  },
  "gender": {
    "precision": 1.0,
    "recall": 1.0,
    "f1-score": 1.0,
    "support": 2,
    "confused_with": {}
  },
  "informationtype": {
    "precision": 0.0,
    "recall": 0.0,
    "f1-score": 0.0,
    "support": 27,
    "confused_with": {
      "searchtype": 6
    }
  },
  "micro avg": {
    "precision": 0.9119638826185101,
    "recall": 0.36996336996337,
    "f1-score": 0.5263843648208469,
    "support": 1092
  },
  "macro avg": {
    "precision": 0.46055083482409065,
    "recall": 0.42118623061658617,
    "f1-score": 0.3929908914068342,
    "support": 1092
  },
  "weighted avg": {
    "precision": 0.7646923893290173,
    "recall": 0.36996336996337,
    "f1-score": 0.4630938585679807,
    "support": 1092
  }
}