{
  "maptype": {
    "precision": 1.0,
    "recall": 0.9473684210526315,
    "f1-score": 0.972972972972973,
    "support": 19,
    "confused_with": {}
  },
  "attribute": {
    "precision": 0.8709677419354839,
    "recall": 0.15254237288135594,
    "f1-score": 0.25961538461538464,
    "support": 354,
    "confused_with": {}
  },
  "PERSON": {
    "precision": 0.9767441860465116,
    "recall": 0.49851632047477745,
    "f1-score": 0.6601178781925344,
    "support": 337,
    "confused_with": {}
  },
  "RELIGION": {
    "precision": 0.0,
    "recall": 0.0,
    "f1-score": 0.0,
    "support": 11,
    "confused_with": {}
  },
  "informationtype": {
    "precision": 0.0,
    "recall": 0.0,
    "f1-score": 0.0,
    "support": 27,
    "confused_with": {
      "searchtype": 6
    }
  },
  "contacttype": {
    "precision": 1.0,
    "recall": 1.0,
    "f1-score": 1.0,
    "support": 5,
    "confused_with": {}
  },
  "object_type": {
    "precision": 0.0,
    "recall": 0.0,
    "f1-score": 0.0,
    "support": 109,
    "confused_with": {}
  },
  "year": {
    "precision": 1.0,
    "recall": 1.0,
    "f1-score": 1.0,
    "support": 4,
    "confused_with": {}
  },
  "ORG": {
    "precision": 1.0,
    "recall": 0.8857142857142857,
    "f1-score": 0.9393939393939393,
    "support": 175,
    "confused_with": {
      "RELIGION": 15
    }
  },
  "searchtype": {
    "precision": 0.16666666666666666,
    "recall": 1.0,
    "f1-score": 0.2857142857142857,
    "support": 2,
    "confused_with": {}
  },
  "CARDINAL": {
    "precision": 0.0,
    "recall": 0.0,
    "f1-score": 0.0,
    "support": 8,
    "confused_with": {}
  },
  "GPE": {
    "precision": 0.0,
    "recall": 0.0,
    "f1-score": 0.0,
    "support": 21,
    "confused_with": {}
  },
  "micro avg": {
    "precision": 0.9164785553047404,
    "recall": 0.3787313432835821,
    "f1-score": 0.5359735973597359,
    "support": 1072
  },
  "macro avg": {
    "precision": 0.5011982162207219,
    "recall": 0.45701178334358755,
    "f1-score": 0.42648453840742645,
    "support": 1072
  },
  "weighted avg": {
    "precision": 0.7843458066009039,
    "recall": 0.3787313432835821,
    "f1-score": 0.47277558354159016,
    "support": 1072
  }
}